Id,Time[ns],mbi5264: row1,mbi5264: row2,mbi5264: row3,mbi5264: row4
1,14606780.00,1F,00,00,00
2,31341060.00,04,9F25,9F2D,9F2D
3,48075340.00,08,C601,C601,C601
4,64809620.00,10,FEF9,FEF9,FEF9
5,81543900.00,12,CC1F,AC1F,9C1F
6,98278180.00,0D,721F,721F,721F
7,115012460.00,0F,4000,4000,4000
8,131746744.00,06,8A04,8C04,8E04
9,148481024.00,17,9001,9001,9001
10,165215304.00,18,321,321,321
11,181949584.00,19,00,00,00
12,198683864.00,1A,44F,44F,44F
13,215418144.00,1B,4F,4F,4F
14,232152424.00,1C,A797,A797,A797
15,248886708.00,1D,49,49,49
16,265620988.00,1E,00,00,00
17,282355268.00,1F,00,00,00
18,299089548.00,04,9F25,9F2D,9F2D
19,315823828.00,08,C601,C601,C601
20,332558108.00,10,FEF9,FEF9,FEF9
21,349292388.00,12,CC1F,AC1F,9C1F
22,366026672.00,0D,721F,721F,721F
23,382760952.00,0F,4000,4000,4000
24,399495232.00,06,8A04,8C04,8E04
25,416229512.00,17,9001,9001,9001
26,432963792.00,18,321,321,321
27,449698072.00,19,00,00,00
28,466432352.00,1A,44F,44F,44F
29,483166632.00,1B,4F,4F,4F
30,499900916.00,1C,A797,A797,A797
31,516635196.00,1D,49,49,49
32,533369476.00,1E,00,00,00
33,550103756.00,1F,00,00,00
34,566838036.00,04,9F25,9F2D,9F2D
35,583572316.00,08,C601,C601,C601
36,600306596.00,10,FEF9,FEF9,FEF9
37,617040876.00,12,CC1F,AC1F,9C1F
38,633775156.00,0D,721F,721F,721F
39,650509436.00,0F,4000,4000,4000
40,667243720.00,06,8A04,8C04,8E04
41,683978000.00,17,9001,9001,9001
42,700712280.00,18,321,321,321
43,717446560.00,19,00,00,00
44,734180840.00,1A,44F,44F,44F
45,750915120.00,1B,4F,4F,4F
46,767649400.00,1C,A797,A797,A797
47,784383680.00,1D,49,49,49
48,801117960.00,1E,00,00,00
49,817852240.00,1F,00,00,00
50,834586524.00,04,9F25,9F2D,9F2D
51,851320804.00,08,C601,C601,C601
52,868055084.00,10,FEF9,FEF9,FEF9
53,884789364.00,12,CC1F,AC1F,9C1F
54,901523644.00,0D,721F,721F,721F
55,918257924.00,0F,4000,4000,4000
56,934992204.00,06,8A04,8C04,8E04
57,951726484.00,17,9001,9001,9001
58,968460764.00,18,321,321,321
59,985195044.00,19,00,00,00
60,1001929328.00,1A,44F,44F,44F
61,1018663608.00,1B,4F,4F,4F
62,1035397888.00,1C,A797,A797,A797
63,1052132168.00,1D,49,49,49
64,1068866448.00,1E,00,00,00
65,1085600728.00,1F,00,00,00
66,1102335008.00,04,9F25,9F2D,9F2D
67,1119069288.00,08,C601,C601,C601
68,1135803572.00,10,FEF9,FEF9,FEF9
69,1152537852.00,12,CC1F,AC1F,9C1F
70,1169272132.00,0D,721F,721F,721F
71,1186006412.00,0F,4000,4000,4000
72,1202740692.00,06,8A04,8C04,8E04
73,1219474972.00,17,9001,9001,9001
74,1236209252.00,18,321,321,321
75,1252943532.00,19,00,00,00
76,1269677816.00,1A,44F,44F,44F
77,1286412096.00,1B,4F,4F,4F
78,1303146376.00,1C,A797,A797,A797
79,1319880656.00,1D,49,49,49
80,1336614936.00,1E,00,00,00
81,1353349216.00,1F,00,00,00
82,1370083496.00,04,9F25,9F2D,9F2D
83,1386817780.00,08,C601,C601,C601
84,1403552060.00,10,FEF9,FEF9,FEF9
85,1420286340.00,12,CC1F,AC1F,9C1F
86,1437020620.00,0D,721F,721F,721F
87,1453754900.00,0F,4000,4000,4000
88,1470489180.00,06,8A04,8C04,8E04
89,1487223460.00,17,9001,9001,9001
90,1503957744.00,18,321,321,321
91,1520692024.00,19,00,00,00
92,1537426304.00,1A,44F,44F,44F
93,1554160584.00,1B,4F,4F,4F
94,1570894864.00,1C,A797,A797,A797
95,1587629144.00,1D,49,49,49
96,1604363424.00,1E,00,00,00
97,1621097704.00,1F,00,00,00
98,1637831988.00,04,9F25,9F2D,9F2D
99,1654566268.00,08,C601,C601,C601
100,1671300548.00,10,FEF9,FEF9,FEF9
101,1688034828.00,12,CC1F,AC1F,9C1F
102,1704769108.00,0D,721F,721F,721F
103,1721503388.00,0F,4000,4000,4000
104,1738237672.00,06,8A04,8C04,8E04
105,1754971952.00,17,9001,9001,9001
106,1771706232.00,18,321,321,321
107,1788440512.00,19,00,00,00
108,1805174792.00,1A,44F,44F,44F
109,1821909072.00,1B,4F,4F,4F
110,1838643352.00,1C,A797,A797,A797
111,1855377632.00,1D,49,49,49
112,1872111916.00,1E,00,00,00
113,1888846196.00,1F,00,00,00
114,1905580476.00,04,9F25,9F2D,9F2D
115,1922314756.00,08,C601,C601,C601
116,1939049036.00,10,FEF9,FEF9,FEF9
117,1955783316.00,12,CC1F,AC1F,9C1F
118,1972517596.00,0D,721F,721F,721F
119,1989251880.00,0F,4000,4000,4000
120,2005986160.00,06,8A04,8C04,8E04
121,2022720440.00,17,9001,9001,9001
122,2039454720.00,18,321,321,321
123,2056189000.00,19,00,00,00
124,2072923280.00,1A,44F,44F,44F
125,2089657560.00,1B,4F,4F,4F
126,2106391840.00,1C,A797,A797,A797
127,2123126124.00,1D,49,49,49
128,2139860404.00,1E,00,00,00
129,2156594684.00,1F,00,00,00
130,2173328964.00,04,9F25,9F2D,9F2D
131,2190063244.00,08,C601,C601,C601
132,2206797524.00,10,FEF9,FEF9,FEF9
133,2223531804.00,12,CC1F,AC1F,9C1F
134,2240266084.00,0D,721F,721F,721F
135,2257000368.00,0F,4000,4000,4000
136,2273734648.00,06,8A04,8C04,8E04
137,2290468928.00,17,9001,9001,9001
138,2307203208.00,18,321,321,321
139,2323937488.00,19,00,00,00
140,2340671768.00,1A,44F,44F,44F
141,2357406048.00,1B,4F,4F,4F
142,2374140328.00,1C,A797,A797,A797
143,2390874608.00,1D,49,49,49
144,2407608892.00,1E,00,00,00
145,2424343172.00,1F,00,00,00
146,2441077452.00,04,9F25,9F2D,9F2D
147,2457811732.00,08,C601,C601,C601
148,2474546012.00,10,FEF9,FEF9,FEF9
149,2491280292.00,12,CC1F,AC1F,9C1F
150,2508014572.00,0D,721F,721F,721F
151,2524748856.00,0F,4000,4000,4000
152,2541483136.00,06,8A04,8C04,8E04
153,2558217416.00,17,9001,9001,9001
154,2574951696.00,18,321,321,321
155,2591685976.00,19,00,00,00
156,2608420256.00,1A,44F,44F,44F
157,2625154536.00,1B,4F,4F,4F
158,2641888816.00,1C,A797,A797,A797
159,2658623096.00,1D,49,49,49
160,2675357380.00,1E,00,00,00
161,2692091660.00,1F,00,00,00
162,2708825940.00,04,9F25,9F2D,9F2D
163,2725560220.00,08,C601,C601,C601
164,2742294500.00,10,FEF9,FEF9,FEF9
165,2759028780.00,12,CC1F,AC1F,9C1F
166,2775763060.00,0D,721F,721F,721F
167,2792497340.00,0F,4000,4000,4000
168,2809231620.00,06,8A04,8C04,8E04
169,2825965900.00,17,9001,9001,9001
170,2842700184.00,18,321,321,321
171,2859434464.00,19,00,00,00
