# Revision 1.3 Mar-2012,,,,,,,,,,,,,,,,,,,,,,,,,,,,,,,,,,,,,,

LCMXO2-640U,,,,,,,,LCMXO2-1200,,,,,,,,LCMXO2-2000,,,,,,,,LCMXO2-4000,,,,,,,,LCMXO2-7000,,,,,,
Pin Number,Pin Function,Bank,Dual Function,Differential,True LVDS,DQS,,Pin Number,Pin Function,Bank,Dual Function,Differential,True LVDS,DQS,,Pin Number,Pin Function,Bank,Dual Function,Differential,True LVDS,DQS,,Pin Number,Pin Function,Bank,Dual Function,Differential,True LVDS,DQS,,Pin Number,Pin Function,Bank,Dual Function,Differential,True LVDS,DQS
1,PL2A,3,L_GPLLT_FB,True_OF_PL2B,-,-,,1,PL2A,3,L_GPLLT_FB,True_OF_PL2B,-,-,,1,PL1A,5,L_GPLLT_FB,True_OF_PL1B,-,-,,1,PL3A,5,L_GPLLT_FB,True_OF_PL3B,-,-,,1,PL3A,5,L_GPLLT_FB,True_OF_PL3B,-,-
2,PL2B,3,L_GPLLC_FB,Comp_OF_PL2A,-,-,,2,PL2B,3,L_GPLLC_FB,Comp_OF_PL2A,-,-,,2,PL1B,5,L_GPLLC_FB,Comp_OF_PL1A,-,-,,2,PL3B,5,L_GPLLC_FB,Comp_OF_PL3A,-,-,,2,PL3B,5,L_GPLLC_FB,Comp_OF_PL3A,-,-
3,PL2C,3,L_GPLLT_IN,True_OF_PL2D,-,-,,3,PL2C,3,L_GPLLT_IN,True_OF_PL2D,-,-,,3,PL2A,5,L_GPLLT_IN,True_OF_PL2B,-,-,,3,PL4A,5,L_GPLLT_IN,True_OF_PL4B,-,-,,3,PL4A,5,L_GPLLT_IN,True_OF_PL4B,-,-
4,PL2D,3,L_GPLLC_IN,Comp_OF_PL2C,-,-,,4,PL2D,3,L_GPLLC_IN,Comp_OF_PL2C,-,-,,4,PL2B,5,L_GPLLC_IN,Comp_OF_PL2A,-,-,,4,PL4B,5,L_GPLLC_IN,Comp_OF_PL4A,-,-,,4,PL4B,5,L_GPLLC_IN,Comp_OF_PL4A,-,-
5,PL3A,3,PCLKT3_2,True_OF_PL3B,-,-,,5,PL3A,3,PCLKT3_2,True_OF_PL3B,-,-,,5,PL3A,5,PCLKT5_0,True_OF_PL3B,-,-,,5,PL6A,5,PCLKT5_0,True_OF_PL6B,-,-,,5,PL6A,5,PCLKT5_0,True_OF_PL6B,-,-
6,PL3B,3,PCLKC3_2,Comp_OF_PL3A,-,-,,6,PL3B,3,PCLKC3_2,Comp_OF_PL3A,-,-,,6,PL3B,5,PCLKC5_0,Comp_OF_PL3A,-,-,,6,PL6B,5,PCLKC5_0,Comp_OF_PL6A,-,-,,6,PL6B,5,PCLKC5_0,Comp_OF_PL6A,-,-
7,VCCIO3,3,-,-,-,-,,7,VCCIO3,3,-,-,-,-,,7,VCCIO5,5,-,-,-,-,,7,VCCIO5,5,-,-,-,-,,7,VCCIO5,5,-,-,-,-
8,GND,-,-,-,-,-,,8,GND,-,-,-,-,-,,8,GND,-,-,-,-,-,,8,GND,-,-,-,-,-,,8,GND,-,-,-,-,-
9,PL3C,3,-,True_OF_PL3D,-,-,,9,PL3C,3,-,True_OF_PL3D,-,-,,9,PL4A,5,-,True_OF_PL4B,-,-,,9,PL7A,5,-,True_OF_PL7B,-,-,,9,PL8A,5,-,True_OF_PL8B,-,-
10,PL3D,3,-,Comp_OF_PL3C,-,-,,10,PL3D,3,-,Comp_OF_PL3C,-,-,,10,PL4B,5,-,Comp_OF_PL4A,-,-,,10,PL7B,5,-,Comp_OF_PL7A,-,-,,10,PL8B,5,-,Comp_OF_PL8A,-,-
11,PL4A,3,-,True_OF_PL4B,-,-,,11,PL4A,3,-,True_OF_PL4B,-,-,,11,PL5A,5,-,True_OF_PL5B,-,-,,11,PL8A,5,-,True_OF_PL8B,-,-,,11,PL9A,5,-,True_OF_PL9B,-,-
12,PL4B,3,-,Comp_OF_PL4A,-,-,,12,PL4B,3,-,Comp_OF_PL4A,-,-,,12,PL5B,5,-,Comp_OF_PL5A,-,-,,12,PL8B,5,-,Comp_OF_PL8A,-,-,,12,PL9B,5,-,Comp_OF_PL9A,-,-
13,PL4C,3,-,True_OF_PL4D,-,-,,13,PL4C,3,-,True_OF_PL4D,-,-,,13,PL6A,4,-,True_OF_PL6B,-,-,,13,PL9A,4,-,True_OF_PL9B,-,-,,13,PL10A,4,-,True_OF_PL10B,-,-
14,PL4D,3,-,Comp_OF_PL4C,-,-,,14,PL4D,3,-,Comp_OF_PL4C,-,-,,14,PL6B,4,-,Comp_OF_PL6A,-,-,,14,PL9B,4,-,Comp_OF_PL9A,-,-,,14,PL10B,4,-,Comp_OF_PL10A,-,-
15,NC,3,-,-,-,-,,15,NC,3,-,-,-,-,,15,PL7A,4,-,True_OF_PL7B,-,-,,15,PL10A,4,-,True_OF_PL10B,-,-,,15,PL11A,4,-,True_OF_PL11B,-,-
16,VCCIO3,3,-,-,-,-,,16,VCCIO3,3,-,-,-,-,,16,VCCIO4,4,-,-,-,-,,16,VCCIO4,4,-,-,-,-,,16,VCCIO4,4,-,-,-,-
17,NC,3,-,-,-,-,,17,NC,3,-,-,-,-,,17,PL7B,4,-,Comp_OF_PL7A,-,-,,17,PL10B,4,-,Comp_OF_PL10A,-,-,,17,PL11B,4,-,Comp_OF_PL11A,-,-
18,GND,-,-,-,-,-,,18,GND,-,-,-,-,-,,18,GND,-,-,-,-,-,,18,GND,-,-,-,-,-,,18,GND,-,-,-,-,-
19,PL5A,3,PCLKT3_1,True_OF_PL5B,-,-,,19,PL5A,3,PCLKT3_1,True_OF_PL5B,-,-,,19,PL7C,4,PCLKT4_0,True_OF_PL7D,-,-,,19,PL10C,4,PCLKT4_0,True_OF_PL10D,-,-,,19,PL12A,4,PCLKT4_0,True_OF_PL12B,-,-
20,PL5B,3,PCLKC3_1,Comp_OF_PL5A,-,-,,20,PL5B,3,PCLKC3_1,Comp_OF_PL5A,-,-,,20,PL7D,4,PCLKC4_0,Comp_OF_PL7C,-,-,,20,PL10D,4,PCLKC4_0,Comp_OF_PL10C,-,-,,20,PL12B,4,PCLKC4_0,Comp_OF_PL12A,-,-
21,PL5C,3,-,True_OF_PL5D,-,-,,21,PL5C,3,-,True_OF_PL5D,-,-,,21,PL9A,4,-,True_OF_PL9B,-,-,,21,PL13A,4,-,True_OF_PL13B,-,-,,21,PL15A,4,-,True_OF_PL15B,-,-
22,PL5D,3,-,Comp_OF_PL5C,-,-,,22,PL5D,3,-,Comp_OF_PL5C,-,-,,22,PL9B,4,-,Comp_OF_PL9A,-,-,,22,PL13B,4,-,Comp_OF_PL13A,-,-,,22,PL15B,4,-,Comp_OF_PL15A,-,-
23,PL8A,3,-,True_OF_PL8B,-,-,,23,PL8A,3,-,True_OF_PL8B,-,-,,23,PL10A,4,-,True_OF_PL10B,-,-,,23,PL14A,4,-,True_OF_PL14B,-,-,,23,PL17A,4,-,True_OF_PL17B,-,-
24,PL8B,3,-,Comp_OF_PL8A,-,-,,24,PL8B,3,-,Comp_OF_PL8A,-,-,,24,PL10B,4,-,Comp_OF_PL10A,-,-,,24,PL14B,4,-,Comp_OF_PL14A,-,-,,24,PL17B,4,-,Comp_OF_PL17A,-,-
25,PL8C,3,-,True_OF_PL8D,-,-,,25,PL8C,3,-,True_OF_PL8D,-,-,,25,PL11A,3,-,True_OF_PL11B,-,-,,25,PL16A,3,-,True_OF_PL16B,-,-,,25,PL19A,3,-,True_OF_PL19B,-,-
26,PL8D,3,-,Comp_OF_PL8C,-,-,,26,PL8D,3,-,Comp_OF_PL8C,-,-,,26,PL11B,3,-,Comp_OF_PL11A,-,-,,26,PL16B,3,-,Comp_OF_PL16A,-,-,,26,PL19B,3,-,Comp_OF_PL19A,-,-
27,PL9A,3,PCLKT3_0,True_OF_PL9B,-,-,,27,PL9A,3,PCLKT3_0,True_OF_PL9B,-,-,,27,PL12A,3,PCLKT3_0,True_OF_PL12B,-,-,,27,PL17A,3,PCLKT3_0,True_OF_PL17B,-,-,,27,PL22A,3,PCLKT3_0,True_OF_PL22B,-,-
28,PL9B,3,PCLKC3_0,Comp_OF_PL9A,-,-,,28,PL9B,3,PCLKC3_0,Comp_OF_PL9A,-,-,,28,PL12B,3,PCLKC3_0,Comp_OF_PL12A,-,-,,28,PL17B,3,PCLKC3_0,Comp_OF_PL17A,-,-,,28,PL22B,3,PCLKC3_0,Comp_OF_PL22A,-,-
29,GND,-,-,-,-,-,,29,GND,-,-,-,-,-,,29,GND,-,-,-,-,-,,29,GND,-,-,-,-,-,,29,GND,-,-,-,-,-
30,VCCIO3,3,-,-,-,-,,30,VCCIO3,3,-,-,-,-,,30,VCCIO3,3,-,-,-,-,,30,VCCIO3,3,-,-,-,-,,30,VCCIO3,3,-,-,-,-
31,NC,3,-,-,-,-,,31,NC,3,-,-,-,-,,31,NC,3,-,-,-,-,,31,PL18D,3,-,Comp_OF_PL18C,-,-,,31,PL23D,3,-,Comp_OF_PL23C,-,-
32,PL10A,3,-,True_OF_PL10B,-,-,,32,PL10A,3,-,True_OF_PL10B,-,-,,32,PL13A,3,-,True_OF_PL13B,-,-,,32,PL19A,3,-,True_OF_PL19B,-,-,,32,PL24A,3,-,True_OF_PL24B,-,-
33,PL10B,3,-,Comp_OF_PL10A,-,-,,33,PL10B,3,-,Comp_OF_PL10A,-,-,,33,PL13B,3,-,Comp_OF_PL13A,-,-,,33,PL19B,3,-,Comp_OF_PL19A,-,-,,33,PL24B,3,-,Comp_OF_PL24A,-,-
34,PL10C,3,-,True_OF_PL10D,-,-,,34,PL10C,3,-,True_OF_PL10D,-,-,,34,PL14A,3,-,True_OF_PL14B,-,-,,34,PL20A,3,-,True_OF_PL20B,-,-,,34,PL25A,3,-,True_OF_PL25B,-,-
35,PL10D,3,-,Comp_OF_PL10C,-,-,,35,PL10D,3,-,Comp_OF_PL10C,-,-,,35,PL14B,3,-,Comp_OF_PL14A,-,-,,35,PL20B,3,-,Comp_OF_PL20A,-,-,,35,PL25B,3,-,Comp_OF_PL25A,-,-
36,VCC,-,-,-,-,-,,36,VCC,-,-,-,-,-,,36,VCC,-,-,-,-,-,,36,VCC,-,-,-,-,-,,36,VCC,-,-,-,-,-
37,VCCIO2,2,-,-,-,-,,37,VCCIO2,2,-,-,-,-,,37,VCCIO2,2,-,-,-,-,,37,VCCIO2,2,-,-,-,-,,37,VCCIO2,2,-,-,-,-
38,PB4A,2,-,True_OF_PB4B,-,-,,38,PB4A,2,-,True_OF_PB4B,-,-,,38,PB3A,2,-,True_OF_PB3B,-,-,,38,PB3A,2,-,True_OF_PB3B,-,-,,38,PB4A,2,-,True_OF_PB4B,-,-
39,PB4B,2,-,Comp_OF_PB4A,-,-,,39,PB4B,2,-,Comp_OF_PB4A,-,-,,39,PB3B,2,-,Comp_OF_PB3A,-,-,,39,PB3B,2,-,Comp_OF_PB3A,-,-,,39,PB4B,2,-,Comp_OF_PB4A,-,-
40,PB4C,2,CSSPIN,True_OF_PB4D,-,-,,40,PB4C,2,CSSPIN,True_OF_PB4D,-,-,,40,PB5A,2,CSSPIN,True_OF_PB5B,-,-,,40,PB4A,2,CSSPIN,True_OF_PB4B,-,-,,40,PB6A,2,CSSPIN,True_OF_PB6B,-,-
41,PB4D,2,-,Comp_OF_PB4C,-,-,,41,PB4D,2,-,Comp_OF_PB4C,-,-,,41,PB5B,2,-,Comp_OF_PB5A,-,-,,41,PB4B,2,-,Comp_OF_PB4A,-,-,,41,PB6B,2,-,Comp_OF_PB6A,-,-
42,PB6A,2,-,True_OF_PB6B,-,-,,42,PB6A,2,-,True_OF_PB6B,-,-,,42,PB6A,2,-,True_OF_PB6B,-,-,,42,PB7A,2,-,True_OF_PB7B,-,-,,42,PB9A,2,-,True_OF_PB9B,-,-
43,PB6B,2,-,Comp_OF_PB6A,-,-,,43,PB6B,2,-,Comp_OF_PB6A,-,-,,43,PB6B,2,-,Comp_OF_PB6A,-,-,,43,PB7B,2,-,Comp_OF_PB7A,-,-,,43,PB9B,2,-,Comp_OF_PB9A,-,-
44,PB6C,2,MCLK/CCLK,True_OF_PB6D,-,-,,44,PB6C,2,MCLK/CCLK,True_OF_PB6D,-,-,,44,PB8A,2,MCLK/CCLK,True_OF_PB8B,-,-,,44,PB9A,2,MCLK/CCLK,True_OF_PB9B,-,-,,44,PB12A,2,MCLK/CCLK,True_OF_PB12B,-,-
45,PB6D,2,SO/SPISO,Comp_OF_PB6C,-,-,,45,PB6D,2,SO/SPISO,Comp_OF_PB6C,-,-,,45,PB8B,2,SO/SPISO,Comp_OF_PB8A,-,-,,45,PB9B,2,SO/SPISO,Comp_OF_PB9A,-,-,,45,PB12B,2,SO/SPISO,Comp_OF_PB12A,-,-
46,GND,-,-,-,-,-,,46,GND,-,-,-,-,-,,46,GND,-,-,-,-,-,,46,GND,-,-,-,-,-,,46,GND,-,-,-,-,-
47,PB9C,2,-,True_OF_PB9D,-,-,,47,PB9C,2,-,True_OF_PB9D,-,-,,47,PB9A,2,-,True_OF_PB9B,-,-,,47,PB10A,2,-,True_OF_PB10B,-,-,,47,PB13A,2,-,True_OF_PB13B,-,-
48,PB9D,2,-,Comp_OF_PB9C,-,-,,48,PB9D,2,-,Comp_OF_PB9C,-,-,,48,PB9B,2,-,Comp_OF_PB9A,-,-,,48,PB10B,2,-,Comp_OF_PB10A,-,-,,48,PB13B,2,-,Comp_OF_PB13A,-,-
49,PB9A,2,PCLKT2_0,True_OF_PB9B,-,-,,49,PB9A,2,PCLKT2_0,True_OF_PB9B,-,-,,49,PB11A,2,PCLKT2_0,True_OF_PB11B,-,-,,49,PB13A,2,PCLKT2_0,True_OF_PB13B,-,-,,49,PB16A,2,PCLKT2_0,True_OF_PB16B,-,-
50,PB9B,2,PCLKC2_0,Comp_OF_PB9A,-,-,,50,PB9B,2,PCLKC2_0,Comp_OF_PB9A,-,-,,50,PB11B,2,PCLKC2_0,Comp_OF_PB11A,-,-,,50,PB13B,2,PCLKC2_0,Comp_OF_PB13A,-,-,,50,PB16B,2,PCLKC2_0,Comp_OF_PB16A,-,-
51,VCCIO2,2,-,-,-,-,,51,VCCIO2,2,-,-,-,-,,51,VCCIO2,2,-,-,-,-,,51,VCCIO2,2,-,-,-,-,,51,VCCIO2,2,-,-,-,-
52,PB11C,2,-,True_OF_PB11D,-,-,,52,PB11C,2,-,True_OF_PB11D,-,-,,52,PB12A,2,-,True_OF_PB12B,-,-,,52,PB15A,2,-,True_OF_PB15B,-,-,,52,PB18A,2,-,True_OF_PB18B,-,-
53,GND,-,-,-,-,-,,53,GND,-,-,-,-,-,,53,GND,-,-,-,-,-,,53,GND,-,-,-,-,-,,53,GND,-,-,-,-,-
54,PB11D,2,-,Comp_OF_PB11C,-,-,,54,PB11D,2,-,Comp_OF_PB11C,-,-,,54,PB12B,2,-,Comp_OF_PB12A,-,-,,54,PB15B,2,-,Comp_OF_PB15A,-,-,,54,PB18B,2,-,Comp_OF_PB18A,-,-
55,PB11A,2,PCLKT2_1,True_OF_PB11B,-,-,,55,PB11A,2,PCLKT2_1,True_OF_PB11B,-,-,,55,PB16A,2,PCLKT2_1,True_OF_PB16B,-,-,,55,PB20A,2,PCLKT2_1,True_OF_PB20B,-,-,,55,PB23A,2,PCLKT2_1,True_OF_PB23B,-,-
56,PB11B,2,PCLKC2_1,Comp_OF_PB11A,-,-,,56,PB11B,2,PCLKC2_1,Comp_OF_PB11A,-,-,,56,PB16B,2,PCLKC2_1,Comp_OF_PB16A,-,-,,56,PB20B,2,PCLKC2_1,Comp_OF_PB20A,-,-,,56,PB23B,2,PCLKC2_1,Comp_OF_PB23A,-,-
57,PB15A,2,-,True_OF_PB15B,-,-,,57,PB15A,2,-,True_OF_PB15B,-,-,,57,PB18A,2,-,True_OF_PB18B,-,-,,57,PB21A,2,-,True_OF_PB21B,-,-,,57,PB26A,2,-,True_OF_PB26B,-,-
58,PB15B,2,-,Comp_OF_PB15A,-,-,,58,PB15B,2,-,Comp_OF_PB15A,-,-,,58,PB18B,2,-,Comp_OF_PB18A,-,-,,58,PB21B,2,-,Comp_OF_PB21A,-,-,,58,PB26B,2,-,Comp_OF_PB26A,-,-
59,PB15C,2,-,True_OF_PB15D,-,-,,59,PB15C,2,-,True_OF_PB15D,-,-,,59,PB19A,2,-,True_OF_PB19B,-,-,,59,PB23A,2,-,True_OF_PB23B,-,-,,59,PB29A,2,-,True_OF_PB29B,-,-
60,PB15D,2,-,Comp_OF_PB15C,-,-,,60,PB15D,2,-,Comp_OF_PB15C,-,-,,60,PB19B,2,-,Comp_OF_PB19A,-,-,,60,PB23B,2,-,Comp_OF_PB23A,-,-,,60,PB29B,2,-,Comp_OF_PB29A,-,-
61,PB18A,2,-,True_OF_PB18B,-,-,,61,PB18A,2,-,True_OF_PB18B,-,-,,61,PB21A,2,-,True_OF_PB21B,-,-,,61,PB24A,2,-,True_OF_PB24B,-,-,,61,PB31A,2,-,True_OF_PB31B,-,-
62,PB18B,2,-,Comp_OF_PB18A,-,-,,62,PB18B,2,-,Comp_OF_PB18A,-,-,,62,PB21B,2,-,Comp_OF_PB21A,-,-,,62,PB24B,2,-,Comp_OF_PB24A,-,-,,62,PB31B,2,-,Comp_OF_PB31A,-,-
63,NC,2,-,-,-,-,,63,NC,2,-,-,-,-,,63,NC,2,-,-,-,-,,63,PB24D,2,-,Comp_OF_PB24C,-,-,,63,PB31D,2,-,Comp_OF_PB31C,-,-
64,GND,-,-,-,-,-,,64,GND,-,-,-,-,-,,64,GND,-,-,-,-,-,,64,GND,-,-,-,-,-,,64,GND,-,-,-,-,-
65,PB18C,2,-,True_OF_PB18D,-,-,,65,PB18C,2,-,True_OF_PB18D,-,-,,65,PB22A,2,-,True_OF_PB22B,-,-,,65,PB27A,2,-,True_OF_PB27B,-,-,,65,PB35A,2,-,True_OF_PB35B,-,-
66,VCCIO2,2,-,-,-,-,,66,VCCIO2,2,-,-,-,-,,66,VCCIO2,2,-,-,-,-,,66,VCCIO2,2,-,-,-,-,,66,VCCIO2,2,-,-,-,-
67,PB18D,2,-,Comp_OF_PB18C,-,-,,67,PB18D,2,-,Comp_OF_PB18C,-,-,,67,PB22B,2,-,Comp_OF_PB22A,-,-,,67,PB27B,2,-,Comp_OF_PB27A,-,-,,67,PB35B,2,-,Comp_OF_PB35A,-,-
68,PB20A,2,-,True_OF_PB20B,-,-,,68,PB20A,2,-,True_OF_PB20B,-,-,,68,PB24A,2,-,True_OF_PB24B,-,-,,68,PB29A,2,-,True_OF_PB29B,-,-,,68,PB37A,2,-,True_OF_PB37B,-,-
69,PB20B,2,-,Comp_OF_PB20A,-,-,,69,PB20B,2,-,Comp_OF_PB20A,-,-,,69,PB24B,2,-,Comp_OF_PB24A,-,-,,69,PB29B,2,-,Comp_OF_PB29A,-,-,,69,PB37B,2,-,Comp_OF_PB37A,-,-
70,PB20C,2,SN,True_OF_PB20D,-,-,,70,PB20C,2,SN,True_OF_PB20D,-,-,,70,PB25A,2,SN,True_OF_PB25B,-,-,,70,PB30A,2,SN,True_OF_PB30B,-,-,,70,PB38A,2,SN,True_OF_PB38B,-,-
71,PB20D,2,SI/SISPI,Comp_OF_PB20C,-,-,,71,PB20D,2,SI/SISPI,Comp_OF_PB20C,-,-,,71,PB25B,2,SI/SISPI,Comp_OF_PB25A,-,-,,71,PB30B,2,SI/SISPI,Comp_OF_PB30A,-,-,,71,PB38B,2,SI/SISPI,Comp_OF_PB38A,-,-
72,VCC,-,-,-,-,-,,72,VCC,-,-,-,-,-,,72,VCC,-,-,-,-,-,,72,VCC,-,-,-,-,-,,72,VCC,-,-,-,-,-
73,PR10D,1,-,Comp_OF_PR10C,-,DQ1,,73,PR10D,1,-,Comp_OF_PR10C,-,DQ1,,73,PR14B,1,-,Comp_OF_PR14A,-,DQ1,,73,PR19B,1,-,Comp_OF_PR19A,-,DQ1,,73,PR24B,1,-,Comp_OF_PR24A,-,DQ1
74,PR10C,1,-,True_OF_PR10D,-,DQ1,,74,PR10C,1,-,True_OF_PR10D,-,DQ1,,74,PR14A,1,-,True_OF_PR14B,-,DQ1,,74,PR19A,1,-,True_OF_PR19B,-,DQ1,,74,PR24A,1,-,True_OF_PR24B,-,DQ1
75,PR10B,1,-,Comp_OF_PR10A,-,DQ1,,75,PR10B,1,-,Comp_OF_PR10A,-,DQ1,,75,PR13B,1,-,Comp_OF_PR13A,-,DQ1,,75,PR18B,1,-,Comp_OF_PR18A,-,DQ1,,75,PR23B,1,-,Comp_OF_PR23A,-,DQ1
76,PR10A,1,-,True_OF_PR10B,-,DQ1,,76,PR10A,1,-,True_OF_PR10B,-,DQ1,,76,PR13A,1,-,True_OF_PR13B,-,DQ1,,76,PR18A,1,-,True_OF_PR18B,-,DQ1,,76,PR23A,1,-,True_OF_PR23B,-,DQ1
77,PR9D,1,-,Comp_OF_PR9C,-,DQ1,,77,PR9D,1,-,Comp_OF_PR9C,-,DQ1,,77,PR12B,1,-,Comp_OF_PR12A,-,DQ1,,77,PR16B,1,-,Comp_OF_PR16A,-,DQ1,,77,PR21B,1,-,Comp_OF_PR21A,-,DQ1
78,PR9C,1,-,True_OF_PR9D,-,DQ1,,78,PR9C,1,-,True_OF_PR9D,-,DQ1,,78,PR12A,1,-,True_OF_PR12B,-,DQ1,,78,PR16A,1,-,True_OF_PR16B,-,DQ1,,78,PR21A,1,-,True_OF_PR21B,-,DQ1
79,VCCIO1,1,-,-,-,-,,79,VCCIO1,1,-,-,-,-,,79,VCCIO1,1,-,-,-,-,,79,VCCIO1,1,-,-,-,-,,79,VCCIO1,1,-,-,-,-
80,GND,-,-,-,-,-,,80,GND,-,-,-,-,-,,80,GND,-,-,-,-,-,,80,GND,-,-,-,-,-,,80,GND,-,-,-,-,-
81,PR9B,1,-,Comp_OF_PR9A,-,DQ1,,81,PR9B,1,-,Comp_OF_PR9A,-,DQ1,,81,PR11B,1,-,Comp_OF_PR11A,-,DQ1,,81,PR15B,1,-,Comp_OF_PR15A,-,DQ1,,81,PR18B,1,-,Comp_OF_PR18A,-,DQ1
82,PR9A,1,-,True_OF_PR9B,-,DQ1,,82,PR9A,1,-,True_OF_PR9B,-,DQ1,,82,PR11A,1,-,True_OF_PR11B,-,DQ1,,82,PR15A,1,-,True_OF_PR15B,-,DQ1,,82,PR18A,1,-,True_OF_PR18B,-,DQ1
83,PR8D,1,-,Comp_OF_PR8C,-,DQ1,,83,PR8D,1,-,Comp_OF_PR8C,-,DQ1,,83,PR10B,1,-,Comp_OF_PR10A,-,DQ1,,83,PR14B,1,-,Comp_OF_PR14A,-,DQ1,,83,PR17B,1,-,Comp_OF_PR17A,-,DQ1
84,PR8C,1,-,True_OF_PR8D,-,DQ1,,84,PR8C,1,-,True_OF_PR8D,-,DQ1,,84,PR10A,1,-,True_OF_PR10B,-,DQ1,,84,PR14A,1,-,True_OF_PR14B,-,DQ1,,84,PR17A,1,-,True_OF_PR17B,-,DQ1
85,PR8B,1,-,Comp_OF_PR8A,-,DQS1N,,85,PR8B,1,-,Comp_OF_PR8A,-,DQS1N,,85,PR9B,1,-,Comp_OF_PR9A,-,DQS1N,,85,PR13B,1,-,Comp_OF_PR13A,-,DQS1N,,85,PR16B,1,-,Comp_OF_PR16A,-,DQS1N
86,PR8A,1,-,True_OF_PR8B,-,DQS1,,86,PR8A,1,-,True_OF_PR8B,-,DQS1,,86,PR9A,1,-,True_OF_PR9B,-,DQS1,,86,PR13A,1,-,True_OF_PR13B,-,DQS1,,86,PR16A,1,-,True_OF_PR16B,-,DQS1
87,NC,1,-,-,-,-,,87,NC,1,-,-,-,-,,87,PR7D,1,-,Comp_OF_PR7C,-,-,,87,PR10D,1,-,Comp_OF_PR10C,-,-,,87,PR15B,1,-,Comp_OF_PR15A,-,-
88,VCCIO1,1,-,-,-,-,,88,VCCIO1,1,-,-,-,-,,88,VCCIO1,1,-,-,-,-,,88,VCCIO1,1,-,-,-,-,,88,VCCIO1,1,-,-,-,-
89,NC,1,-,-,-,-,,89,NC,1,-,-,-,-,,89,PR7C,1,-,True_OF_PR7D,-,-,,89,PR10C,1,-,True_OF_PR10D,-,-,,89,PR15A,1,-,True_OF_PR15B,-,-
90,GND,-,-,-,-,-,,90,GND,-,-,-,-,-,,90,GND,-,-,-,-,-,,90,GND,-,-,-,-,-,,90,GND,-,-,-,-,-
91,PR5D,1,PCLKC1_0,Comp_OF_PR5C,-,DQ0,,91,PR5D,1,PCLKC1_0,Comp_OF_PR5C,-,DQ0,,91,PR7B,1,PCLKC1_0,Comp_OF_PR7A,-,DQ0,,91,PR10B,1,PCLKC1_0,Comp_OF_PR10A,-,DQ0,,91,PR12B,1,PCLKC1_0,Comp_OF_PR12A,-,DQ0
92,PR5C,1,PCLKT1_0,True_OF_PR5D,-,DQ0,,92,PR5C,1,PCLKT1_0,True_OF_PR5D,-,DQ0,,92,PR7A,1,PCLKT1_0,True_OF_PR7B,-,DQ0,,92,PR10A,1,PCLKT1_0,True_OF_PR10B,-,DQ0,,92,PR12A,1,PCLKT1_0,True_OF_PR12B,-,DQ0
93,PR5B,1,-,Comp_OF_PR5A,-,DQS0N,,93,PR5B,1,-,Comp_OF_PR5A,-,DQS0N,,93,PR6B,1,-,Comp_OF_PR6A,-,DQS0N,,93,PR9B,1,-,Comp_OF_PR9A,-,DQS0N,,93,PR11B,1,-,Comp_OF_PR11A,-,DQS0N
94,PR5A,1,-,True_OF_PR5B,-,DQS0,,94,PR5A,1,-,True_OF_PR5B,-,DQS0,,94,PR6A,1,-,True_OF_PR6B,-,DQS0,,94,PR9A,1,-,True_OF_PR9B,-,DQS0,,94,PR11A,1,-,True_OF_PR11B,-,DQS0
95,PR4D,1,-,Comp_OF_PR4C,-,DQ0,,95,PR4D,1,-,Comp_OF_PR4C,-,DQ0,,95,PR5B,1,-,Comp_OF_PR5A,-,DQ0,,95,PR8B,1,-,Comp_OF_PR8A,-,DQ0,,95,PR9B,1,-,Comp_OF_PR9A,-,DQ0
96,PR4C,1,-,True_OF_PR4D,-,DQ0,,96,PR4C,1,-,True_OF_PR4D,-,DQ0,,96,PR5A,1,-,True_OF_PR5B,-,DQ0,,96,PR8A,1,-,True_OF_PR8B,-,DQ0,,96,PR9A,1,-,True_OF_PR9B,-,DQ0
97,PR4B,1,-,Comp_OF_PR4A,-,DQ0,,97,PR4B,1,-,Comp_OF_PR4A,-,DQ0,,97,PR4B,1,-,Comp_OF_PR4A,-,DQ0,,97,PR6B,1,-,Comp_OF_PR6A,-,DQ0,,97,PR7B,1,-,Comp_OF_PR7A,-,DQ0
98,PR4A,1,-,True_OF_PR4B,-,DQ0,,98,PR4A,1,-,True_OF_PR4B,-,DQ0,,98,PR4A,1,-,True_OF_PR4B,-,DQ0,,98,PR6A,1,-,True_OF_PR6B,-,DQ0,,98,PR7A,1,-,True_OF_PR7B,-,DQ0
99,PR3B,1,-,Comp_OF_PR3A,-,DQ0,,99,PR3B,1,-,Comp_OF_PR3A,-,DQ0,,99,PR3B,1,-,Comp_OF_PR3A,-,DQ0,,99,PR5B,1,-,Comp_OF_PR5A,-,DQ0,,99,PR5B,1,-,Comp_OF_PR5A,-,DQ0
100,PR3A,1,-,True_OF_PR3B,-,DQ0,,100,PR3A,1,-,True_OF_PR3B,-,DQ0,,100,PR3A,1,-,True_OF_PR3B,-,DQ0,,100,PR5A,1,-,True_OF_PR5B,-,DQ0,,100,PR5A,1,-,True_OF_PR5B,-,DQ0
101,GND,-,-,-,-,-,,101,GND,-,-,-,-,-,,101,GND,-,-,-,-,-,,101,GND,-,-,-,-,-,,101,GND,-,-,-,-,-
102,VCCIO1,1,-,-,-,-,,102,VCCIO1,1,-,-,-,-,,102,VCCIO1,1,-,-,-,-,,102,VCCIO1,1,-,-,-,-,,102,VCCIO1,1,-,-,-,-
103,NC,1,-,-,-,-,,103,NC,1,-,-,-,-,,103,NC,1,-,-,-,-,,103,PR4C,1,-,True_OF_PR4D,-,-,,103,PR4C,1,-,True_OF_PR4D,-,-
104,PR2D,1,-,Comp_OF_PR2C,-,DQ0,,104,PR2D,1,-,Comp_OF_PR2C,-,DQ0,,104,PR2B,1,-,Comp_OF_PR2A,-,DQ0,,104,PR3B,1,R_GPLLC_IN,Comp_OF_PR3A,-,DQ0,,104,PR3B,1,R_GPLLC_IN,Comp_OF_PR3A,-,DQ0
105,PR2C,1,-,True_OF_PR2D,-,DQ0,,105,PR2C,1,-,True_OF_PR2D,-,DQ0,,105,PR2A,1,-,True_OF_PR2B,-,DQ0,,105,PR3A,1,R_GPLLT_IN,True_OF_PR3B,-,DQ0,,105,PR3A,1,R_GPLLT_IN,True_OF_PR3B,-,DQ0
106,PR2B,1,-,Comp_OF_PR2A,-,DQ0,,106,PR2B,1,-,Comp_OF_PR2A,-,DQ0,,106,PR1B,1,-,Comp_OF_PR1A,-,DQ0,,106,PR2B,1,R_GPLLC_FB,Comp_OF_PR2A,-,DQ0,,106,PR2B,1,R_GPLLC_FB,Comp_OF_PR2A,-,DQ0
107,PR2A,1,-,True_OF_PR2B,-,DQ0,,107,PR2A,1,-,True_OF_PR2B,-,DQ0,,107,PR1A,1,-,True_OF_PR1B,-,DQ0,,107,PR2A,1,R_GPLLT_FB,True_OF_PR2B,-,DQ0,,107,PR2A,1,R_GPLLT_FB,True_OF_PR2B,-,DQ0
108,VCC,-,-,-,-,-,,108,VCC,-,-,-,-,-,,108,VCC,-,-,-,-,-,,108,VCC,-,-,-,-,-,,108,VCC,-,-,-,-,-
109,PT17D,0,DONE,Comp_OF_PT17C,-,-,,109,PT17D,0,DONE,Comp_OF_PT17C,-,-,,109,PT24D,0,DONE,Comp_OF_PT24C,-,-,,109,PT28D,0,DONE,Comp_OF_PT28C,-,-,,109,PT36D,0,DONE,Comp_OF_PT36C,-,-
110,PT17C,0,INITN,True_OF_PT17D,-,-,,110,PT17C,0,INITN,True_OF_PT17D,-,-,,110,PT24C,0,INITN,True_OF_PT24D,-,-,,110,PT28C,0,INITN,True_OF_PT28D,-,-,,110,PT36C,0,INITN,True_OF_PT36D,-,-
111,PT17B,0,-,Comp_OF_PT17A,TRUE,-,,111,PT17B,0,-,Comp_OF_PT17A,TRUE,-,,111,PT23B,0,-,Comp_OF_PT23A,TRUE,-,,111,PT27B,0,-,Comp_OF_PT27A,TRUE,-,,111,PT35B,0,-,Comp_OF_PT35A,TRUE,-
112,PT17A,0,-,True_OF_PT17B,TRUE,-,,112,PT17A,0,-,True_OF_PT17B,TRUE,-,,112,PT23A,0,-,True_OF_PT23B,TRUE,-,,112,PT27A,0,-,True_OF_PT27B,TRUE,-,,112,PT35A,0,-,True_OF_PT35B,TRUE,-
113,PT16D,0,-,Comp_OF_PT16C,-,-,,113,PT16D,0,-,Comp_OF_PT16C,-,-,,113,PT22B,0,-,Comp_OF_PT22A,TRUE,-,,113,PT25B,0,-,Comp_OF_PT25A,TRUE,-,,113,PT33B,0,-,Comp_OF_PT33A,TRUE,-
114,PT16C,0,-,True_OF_PT16D,-,-,,114,PT16C,0,-,True_OF_PT16D,-,-,,114,PT22A,0,-,True_OF_PT22B,TRUE,-,,114,PT25A,0,-,True_OF_PT25B,TRUE,-,,114,PT33A,0,-,True_OF_PT33B,TRUE,-
115,PT16B,0,-,Comp_OF_PT16A,TRUE,-,,115,PT16B,0,-,Comp_OF_PT16A,TRUE,-,,115,PT21B,0,-,Comp_OF_PT21A,TRUE,-,,115,PT24B,0,-,Comp_OF_PT24A,TRUE,-,,115,PT28B,0,-,Comp_OF_PT28A,TRUE,-
116,GND,-,-,-,-,-,,116,GND,-,-,-,-,-,,116,GND,-,-,-,-,-,,116,GND,-,-,-,-,-,,116,GND,-,-,-,-,-
117,PT16A,0,-,True_OF_PT16B,TRUE,-,,117,PT16A,0,-,True_OF_PT16B,TRUE,-,,117,PT21A,0,-,True_OF_PT21B,TRUE,-,,117,PT24A,0,-,True_OF_PT24B,TRUE,-,,117,PT28A,0,-,True_OF_PT28B,TRUE,-
118,VCCIO0,0,-,-,-,-,,118,VCCIO0,0,-,-,-,-,,118,VCCIO0,0,-,-,-,-,,118,VCCIO0,0,-,-,-,-,,118,VCCIO0,0,-,-,-,-
119,PT15D,0,PROGRAMN,Comp_OF_PT15C,-,-,,119,PT15D,0,PROGRAMN,Comp_OF_PT15C,-,-,,119,PT20D,0,PROGRAMN,Comp_OF_PT20C,-,-,,119,PT23D,0,PROGRAMN,Comp_OF_PT23C,-,-,,119,PT27D,0,PROGRAMN,Comp_OF_PT27C,-,-
120,PT15C,0,JTAGENB,True_OF_PT15D,-,-,,120,PT15C,0,JTAGENB,True_OF_PT15D,-,-,,120,PT20C,0,JTAGENB,True_OF_PT20D,-,-,,120,PT23C,0,JTAGENB,True_OF_PT23D,-,-,,120,PT27C,0,JTAGENB,True_OF_PT27D,-,-
121,PT15B,0,-,Comp_OF_PT15A,TRUE,-,,121,PT15B,0,-,Comp_OF_PT15A,TRUE,-,,121,PT19B,0,-,Comp_OF_PT19A,TRUE,-,,121,PT21B,0,-,Comp_OF_PT21A,TRUE,-,,121,PT25B,0,-,Comp_OF_PT25A,TRUE,-
122,PT15A,0,-,True_OF_PT15B,TRUE,-,,122,PT15A,0,-,True_OF_PT15B,TRUE,-,,122,PT19A,0,-,True_OF_PT19B,TRUE,-,,122,PT21A,0,-,True_OF_PT21B,TRUE,-,,122,PT25A,0,-,True_OF_PT25B,TRUE,-
123,VCCIO0,0,-,-,-,-,,123,VCCIO0,0,-,-,-,-,,123,VCCIO0,0,-,-,-,-,,123,VCCIO0,0,-,-,-,-,,123,VCCIO0,0,-,-,-,-
124,GND,-,-,-,-,-,,124,GND,-,-,-,-,-,,124,GND,-,-,-,-,-,,124,GND,-,-,-,-,-,,124,GND,-,-,-,-,-
125,PT12D,0,SDA/PCLKC0_0,Comp_OF_PT12C,-,-,,125,PT12D,0,SDA/PCLKC0_0,Comp_OF_PT12C,-,-,,125,PT18D,0,SDA/PCLKC0_0,Comp_OF_PT18C,-,-,,125,PT20D,0,SDA/PCLKC0_0,Comp_OF_PT20C,-,-,,125,PT22D,0,SDA/PCLKC0_0,Comp_OF_PT22C,-,-
126,PT12C,0,SCL/PCLKT0_0,True_OF_PT12D,-,-,,126,PT12C,0,SCL/PCLKT0_0,True_OF_PT12D,-,-,,126,PT18C,0,SCL/PCLKT0_0,True_OF_PT18D,-,-,,126,PT20C,0,SCL/PCLKT0_0,True_OF_PT20D,-,-,,126,PT22C,0,SCL/PCLKT0_0,True_OF_PT22D,-,-
127,PT12B,0,PCLKC0_1,Comp_OF_PT12A,TRUE,-,,127,PT12B,0,PCLKC0_1,Comp_OF_PT12A,TRUE,-,,127,PT17B,0,PCLKC0_1,Comp_OF_PT17A,TRUE,-,,127,PT18B,0,PCLKC0_1,Comp_OF_PT18A,TRUE,-,,127,PT18B,0,PCLKC0_1,Comp_OF_PT18A,TRUE,-
128,PT12A,0,PCLKT0_1,True_OF_PT12B,TRUE,-,,128,PT12A,0,PCLKT0_1,True_OF_PT12B,TRUE,-,,128,PT17A,0,PCLKT0_1,True_OF_PT17B,TRUE,-,,128,PT18A,0,PCLKT0_1,True_OF_PT18B,TRUE,-,,128,PT18A,0,PCLKT0_1,True_OF_PT18B,TRUE,-
129,NC,-,-,-,-,-,,129,NC,-,-,-,-,-,,129,NC,-,-,-,-,-,,129,NC,-,-,-,-,-,,129,NC,-,-,-,-,-
130,PT11D,0,TMS,Comp_OF_PT11C,-,-,,130,PT11D,0,TMS,Comp_OF_PT11C,-,-,,130,PT16D,0,TMS,Comp_OF_PT16C,-,-,,130,PT15D,0,TMS,Comp_OF_PT15C,-,-,,130,PT17D,0,TMS,Comp_OF_PT17C,-,-
131,PT11C,0,TCK,True_OF_PT11D,-,-,,131,PT11C,0,TCK,True_OF_PT11D,-,-,,131,PT16C,0,TCK,True_OF_PT16D,-,-,,131,PT15C,0,TCK,True_OF_PT15D,-,-,,131,PT17C,0,TCK,True_OF_PT17D,-,-
132,PT11B,0,-,Comp_OF_PT11A,TRUE,-,,132,PT11B,0,-,Comp_OF_PT11A,TRUE,-,,132,PT13B,0,-,Comp_OF_PT13A,TRUE,-,,132,PT14B,0,-,Comp_OF_PT14A,TRUE,-,,132,PT15B,0,-,Comp_OF_PT15A,TRUE,-
133,PT11A,0,-,True_OF_PT11B,TRUE,-,,133,PT11A,0,-,True_OF_PT11B,TRUE,-,,133,PT13A,0,-,True_OF_PT13B,TRUE,-,,133,PT14A,0,-,True_OF_PT14B,TRUE,-,,133,PT15A,0,-,True_OF_PT15B,TRUE,-
134,GND,-,-,-,-,-,,134,GND,-,-,-,-,-,,134,GND,-,-,-,-,-,,134,GND,-,-,-,-,-,,134,GND,-,-,-,-,-
135,VCCIO0,0,-,-,-,-,,135,VCCIO0,0,-,-,-,-,,135,VCCIO0,0,-,-,-,-,,135,VCCIO0,0,-,-,-,-,,135,VCCIO0,0,-,-,-,-
136,PT10D,0,TDI,Comp_OF_PT10C,-,-,,136,PT10D,0,TDI,Comp_OF_PT10C,-,-,,136,PT12D,0,TDI,Comp_OF_PT12C,-,-,,136,PT13D,0,TDI,Comp_OF_PT13C,-,-,,136,PT14D,0,TDI,Comp_OF_PT14C,-,-
137,PT10C,0,TDO,True_OF_PT10D,-,-,,137,PT10C,0,TDO,True_OF_PT10D,-,-,,137,PT12C,0,TDO,True_OF_PT12D,-,-,,137,PT13C,0,TDO,True_OF_PT13D,-,-,,137,PT14C,0,TDO,True_OF_PT14D,-,-
138,PT10B,0,-,Comp_OF_PT10A,TRUE,-,,138,PT10B,0,-,Comp_OF_PT10A,TRUE,-,,138,PT11B,0,-,Comp_OF_PT11A,TRUE,-,,138,PT11B,0,-,Comp_OF_PT11A,TRUE,-,,138,PT11B,0,-,Comp_OF_PT11A,TRUE,-
139,PT10A,0,-,True_OF_PT10B,TRUE,-,,139,PT10A,0,-,True_OF_PT10B,TRUE,-,,139,PT11A,0,-,True_OF_PT11B,TRUE,-,,139,PT11A,0,-,True_OF_PT11B,TRUE,-,,139,PT11A,0,-,True_OF_PT11B,TRUE,-
140,PT9D,0,-,Comp_OF_PT9C,-,-,,140,PT9D,0,-,Comp_OF_PT9C,-,-,,140,PT10B,0,-,Comp_OF_PT10A,TRUE,-,,140,PT10B,0,-,Comp_OF_PT10A,TRUE,-,,140,PT10B,0,-,Comp_OF_PT10A,TRUE,-
141,PT9C,0,-,True_OF_PT9D,-,-,,141,PT9C,0,-,True_OF_PT9D,-,-,,141,PT10A,0,-,True_OF_PT10B,TRUE,-,,141,PT10A,0,-,True_OF_PT10B,TRUE,-,,141,PT10A,0,-,True_OF_PT10B,TRUE,-
142,PT9B,0,-,Comp_OF_PT9A,TRUE,-,,142,PT9B,0,-,Comp_OF_PT9A,TRUE,-,,142,PT9B,0,-,Comp_OF_PT9A,TRUE,-,,142,PT9B,0,-,Comp_OF_PT9A,TRUE,-,,142,PT9B,0,-,Comp_OF_PT9A,TRUE,-
143,PT9A,0,-,True_OF_PT9B,TRUE,-,,143,PT9A,0,-,True_OF_PT9B,TRUE,-,,143,PT9A,0,-,True_OF_PT9B,TRUE,-,,143,PT9A,0,-,True_OF_PT9B,TRUE,-,,143,PT9A,0,-,True_OF_PT9B,TRUE,-
144,VCC,-,-,-,-,-,,144,VCC,-,-,-,-,-,,144,VCC,-,-,-,-,-,,144,VCC,-,-,-,-,-,,144,VCC,-,-,-,-,-
